{
  "arduino_uno.png422577": {
    "filename": "arduino_unno.png",
    "size": 422577,
    "regions": [
      {
        "shape_attributes": {
          "name": "point",
          "cx": 200,
          "cy": 684
        },
        "region_attributes": {
          "pin_names": {
            "gnd": true
          }
        }
      },
      {
        "shape_attributes": {
          "name": "point",
          "cx": 200,
          "cy": 649
        },
        "region_attributes": {
          "pin_names": {
            "5v": true
          }
        }
      },
      {
        "shape_attributes": {
          "name": "point",
          "cx": 200,
          "cy": 613
        },
        "region_attributes": {
          "pin_names": {
            "3.3v": true
          }
        }
      },
      {
        "shape_attributes": {
          "name": "point",
          "cx": 200,
          "cy": 827
        },
        "region_attributes": {
          "pin_names": {
            "a0": true
          }
        }
      },
      {
        "shape_attributes": {
          "name": "point",
          "cx": 200,
          "cy": 862
        },
        "region_attributes": {
          "pin_names": {
            "a1": true
          }
        }
      },
      {
        "shape_attributes": {
          "name": "point",
          "cx": 200,
          "cy": 899
        },
        "region_attributes": {
          "pin_names": {
            "a2": true
          }
        }
      },
      {
        "shape_attributes": {
          "name": "point",
          "cx": 200,
          "cy": 934
        },
        "region_attributes": {
          "pin_names": {
            "a3": true
          }
        }
      },
      {
        "shape_attributes": {
          "name": "point",
          "cx": 200,
          "cy": 969
        },
        "region_attributes": {
          "pin_names": {
            "a4": true
          }
        }
      },
      {
        "shape_attributes": {
          "name": "point",
          "cx": 201,
          "cy": 1004
        },
        "region_attributes": {
          "pin_names": {
            "a5": true
          }
        }
      },
      {
        "shape_attributes": {
          "name": "point",
          "cx": 200,
          "cy": 720
        },
        "region_attributes": {
          "pin_names": {
            "gnd": true
          }
        }
      },
      {
        "shape_attributes": {
          "name": "point",
          "cx": 200,
          "cy": 755
        },
        "region_attributes": {
          "pin_names": {
            "vin": true
          }
        }
      },
      {
        "shape_attributes": {
          "name": "point",
          "cx": 882,
          "cy": 487
        },
        "region_attributes": {
          "pin_names": {
            "gnd": true
          }
        }
      },
      {
        "shape_attributes": {
          "name": "point",
          "cx": 882,
          "cy": 520
        },
        "region_attributes": {
          "pin_names": {
            "13": true
          }
        }
      },
      {
        "shape_attributes": {
          "name": "point",
          "cx": 881,
          "cy": 412
        },
        "region_attributes": {
          "pin_names": {
            "sda": true
          }
        }
      },
      {
        "shape_attributes": {
          "name": "point",
          "cx": 882,
          "cy": 378
        },
        "region_attributes": {
          "pin_names": {
            "scl": true
          }
        }
      },
      {
        "shape_attributes": {
          "name": "point",
          "cx": 881,
          "cy": 1004
        },
        "region_attributes": {
          "pin_names": {
            "0-rx": true
          }
        }
      },
      {
        "shape_attributes": {
          "name": "point",
          "cx": 881,
          "cy": 968
        },
        "region_attributes": {
          "pin_names": {
            "1-tx": true
          }
        }
      },
      {
        "shape_attributes": {
          "name": "point",
          "cx": 881,
          "cy": 933
        },
        "region_attributes": {
          "pin_names": {
            "2": true
          }
        }
      },
      {
        "shape_attributes": {
          "name": "point",
          "cx": 880,
          "cy": 897
        },
        "region_attributes": {
          "pin_names": {
            "3": true
          }
        }
      },
      {
        "shape_attributes": {
          "name": "point",
          "cx": 881,
          "cy": 862
        },
        "region_attributes": {
          "pin_names": {
            "4": true
          }
        }
      },
      {
        "shape_attributes": {
          "name": "point",
          "cx": 880,
          "cy": 824
        },
        "region_attributes": {
          "pin_names": {
            "5": true
          }
        }
      },
      {
        "shape_attributes": {
          "name": "point",
          "cx": 881,
          "cy": 790
        },
        "region_attributes": {
          "pin_names": {
            "6": true
          }
        }
      },
      {
        "shape_attributes": {
          "name": "point",
          "cx": 881,
          "cy": 754
        },
        "region_attributes": {
          "pin_names": {
            "7": true
          }
        }
      },
      {
        "shape_attributes": {
          "name": "point",
          "cx": 881,
          "cy": 698
        },
        "region_attributes": {
          "pin_names": {
            "8": true
          }
        }
      },
      {
        "shape_attributes": {
          "name": "point",
          "cx": 882,
          "cy": 663
        },
        "region_attributes": {
          "pin_names": {
            "9": true
          }
        }
      },
      {
        "shape_attributes": {
          "name": "point",
          "cx": 881,
          "cy": 627
        },
        "region_attributes": {
          "pin_names": {
            "10": true
          }
        }
      },
      {
        "shape_attributes": {
          "name": "point",
          "cx": 882,
          "cy": 592
        },
        "region_attributes": {
          "pin_names": {
            "11": true
          }
        }
      },
      {
        "shape_attributes": {
          "name": "point",
          "cx": 882,
          "cy": 554
        },
        "region_attributes": {
          "pin_names": {
            "12": true
          }
        }
      }
    ],
    "file_attributes": {}
  }
}