{"ESP8266_(NodeMCU 0.9).png112122":{"filename":"ESP8266_(NodeMCU 0.9).png","size":112122,"regions":[{"shape_attributes":{"name":"point","cx":782,"cy":363},"region_attributes":{"pin_names":"TX"}},{"shape_attributes":{"name":"point","cx":786,"cy":419},"region_attributes":{"pin_names":" RX"}},{"shape_attributes":{"name":"point","cx":784,"cy":474},"region_attributes":{"pin_names":"D1"}},{"shape_attributes":{"name":"point","cx":784,"cy":528},"region_attributes":{"pin_names":"D2"}},{"shape_attributes":{"name":"point","cx":784,"cy":583},"region_attributes":{"pin_names":"D3"}},{"shape_attributes":{"name":"point","cx":785,"cy":641},"region_attributes":{"pin_names":"D4"}},{"shape_attributes":{"name":"point","cx":783,"cy":690},"region_attributes":{"pin_names":"gnd"}},{"shape_attributes":{"name":"point","cx":784,"cy":747},"region_attributes":{"pin_names":"5v"}},{"shape_attributes":{"name":"point","cx":294,"cy":743},"region_attributes":{"pin_names":"3.3v"}},{"shape_attributes":{"name":"point","cx":292,"cy":686},"region_attributes":{"pin_names":"D8"}},{"shape_attributes":{"name":"point","cx":291,"cy":635},"region_attributes":{"pin_names":"D7"}},{"shape_attributes":{"name":"point","cx":289,"cy":581},"region_attributes":{"pin_names":"D6"}},{"shape_attributes":{"name":"point","cx":289,"cy":525},"region_attributes":{"pin_names":"D5"}},{"shape_attributes":{"name":"point","cx":291,"cy":470},"region_attributes":{"pin_names":"D0"}},{"shape_attributes":{"name":"point","cx":291,"cy":422},"region_attributes":{"pin_names":"A0"}}],"file_attributes":{}}}