{"esp8266.png281683":{"filename":"esp8266.png","size":281683,"regions":[{"shape_attributes":{"name":"point","cx":780,"cy":146},"region_attributes":{"pin_names":"D0"}},{"shape_attributes":{"name":"point","cx":778,"cy":200},"region_attributes":{"pin_names":"D1"}},{"shape_attributes":{"name":"point","cx":779,"cy":253},"region_attributes":{"pin_names":"D2"}},{"shape_attributes":{"name":"point","cx":779,"cy":306},"region_attributes":{"pin_names":"D3"}},{"shape_attributes":{"name":"point","cx":780,"cy":360},"region_attributes":{"pin_names":"D4"}},{"shape_attributes":{"name":"point","cx":780,"cy":411},"region_attributes":{"pin_names":"3.3v"}},{"shape_attributes":{"name":"point","cx":779,"cy":466},"region_attributes":{"pin_names":"gnd"}},{"shape_attributes":{"name":"point","cx":778,"cy":519},"region_attributes":{"pin_names":"D5"}},{"shape_attributes":{"name":"point","cx":778,"cy":573},"region_attributes":{"pin_names":"D6"}},{"shape_attributes":{"name":"point","cx":780,"cy":625},"region_attributes":{"pin_names":"D7"}},{"shape_attributes":{"name":"point","cx":779,"cy":676},"region_attributes":{"pin_names":"D8"}},{"shape_attributes":{"name":"point","cx":779,"cy":730},"region_attributes":{"pin_names":"rx"}},{"shape_attributes":{"name":"point","cx":778,"cy":784},"region_attributes":{"pin_names":"tx"}},{"shape_attributes":{"name":"point","cx":779,"cy":838},"region_attributes":{"pin_names":"gnd"}},{"shape_attributes":{"name":"point","cx":779,"cy":891},"region_attributes":{"pin_names":"3.3v"}},{"shape_attributes":{"name":"point","cx":301,"cy":148},"region_attributes":{"pin_names":"a0"}},{"shape_attributes":{"name":"point","cx":301,"cy":627},"region_attributes":{"pin_names":"gnd"}},{"shape_attributes":{"name":"point","cx":301,"cy":683},"region_attributes":{"pin_names":"3.3v"}},{"shape_attributes":{"name":"point","cx":305,"cy":894},"region_attributes":{"pin_names":"vin"}},{"shape_attributes":{"name":"point","cx":301,"cy":840},"region_attributes":{"pin_names":"gnd"}}],"file_attributes":{}}}