{"l298N_motor_driver.png":{"filename":"l298N_motor_driver.png","size":103254,"regions":[{"shape_attributes":{"name":"point","cx":393,"cy":734},"region_attributes":{"pin_names":"12v"}},{"shape_attributes":{"name":"point","cx":507,"cy":732},"region_attributes":{"pin_names":"5v"}},{"shape_attributes":{"name":"point","cx":450,"cy":732},"region_attributes":{"pin_names":"gnd"}},{"shape_attributes":{"name":"point","cx":678,"cy":823},"region_attributes":{"pin_names":"IN4"}},{"shape_attributes":{"name":"point","cx":649,"cy":821},"region_attributes":{"pin_names":"IN3"}},{"shape_attributes":{"name":"point","cx":621,"cy":824},"region_attributes":{"pin_names":"IN2"}},{"shape_attributes":{"name":"point","cx":590,"cy":824},"region_attributes":{"pin_names":"IN1"}}],"file_attributes":{}}}