{
  "LCD_16x2.png": {
    "filename": "LCD_16x2.png",
    "size": 134391,
    "regions": [
      {
        "shape_attributes": {
          "name": "point",
          "cx": 29,
          "cy": 270
        },
        "region_attributes": {
          "pin_names": "scl"
        }
      },
      {
        "shape_attributes": {
          "name": "point",
          "cx": 29,
          "cy": 304
        },
        "region_attributes": {
          "pin_names": "sda"
        }
      },
      {
        "shape_attributes": {
          "name": "point",
          "cx": 29,
          "cy": 337
        },
        "region_attributes": {
          "pin_names": "vcc"
        }
      },
      {
        "shape_attributes": {
          "name": "point",
          "cx": 30,
          "cy": 371
        },
        "region_attributes": {
          "pin_names": "gnd"
        }
      },
      {
        "shape_attributes": {
          "name": "rect",
          "x": 29,
          "y": 265,
          "width": 86,
          "height": 9
        },
        "region_attributes": {}
      }
    ],
    "file_attributes": {}
  }
}