{"OLED_Module.png51547":{"filename":"OLED_Module.png","size":51547,"regions":[{"shape_attributes":{"name":"point","cx":439,"cy":344},"region_attributes":{"pin_names":"sda"}},{"shape_attributes":{"name":"point","cx":479,"cy":344},"region_attributes":{"pin_names":"scl"}},{"shape_attributes":{"name":"point","cx":560,"cy":343},"region_attributes":{"pin_names":"gnd"}},{"shape_attributes":{"name":"point","cx":641,"cy":343},"region_attributes":{"pin_names":"vcc"}},{"shape_attributes":{"name":"point","cx":600,"cy":343},"region_attributes":{"pin_names":"3.3v"}}],"file_attributes":{}}}